1,Katrinka,Pauncefort,1988-05-17,kpauncefort0@cbslocal.com
2,Etan,Devons,1979-05-26,edevons1@ameblo.jp
3,Babbie,Smitherman,1995-12-28,bsmitherman2@ed.gov
4,Salomon,MacKonochie,1970-11-05,smackonochie3@fda.gov
5,Bobette,O'Cuddie,1970-07-19,bocuddie4@moonfruit.com
6,Madelyn,Shackelton,1976-09-23,mshackelton5@ning.com
7,Misha,Mattityahou,1979-07-06,mmattityahou6@hc360.com
8,Alasdair,Mowbray,1973-09-10,amowbray7@1688.com
9,Marion,Crisell,1987-03-06,mcrisell8@wikipedia.org
10,Alane,Woller,1970-11-11,awoller9@usda.gov
11,Antonina,Hush,1978-06-06,ahusha@shinystat.com
12,Minerva,Whitlaw,1977-03-21,mwhitlawb@technorati.com
13,Hedi,Guerry,2001-04-24,hguerryc@arstechnica.com
14,Jethro,Forrestor,1991-08-13,jforrestord@sun.com
15,Roxie,Le Fleming,1988-10-20,rlefleminge@comsenz.com
16,Nico,Brok,1977-05-14,nbrokf@ameblo.jp
17,Derron,Bunworth,1995-11-02,dbunworthg@mac.com
18,Raviv,Golightly,2005-02-21,rgolightlyh@canalblog.com
19,Suki,Cutts,1974-05-28,scuttsi@twitter.com
20,Cortie,Heaney,1998-01-12,cheaneyj@bravesites.com
21,Sande,Duchart,1995-08-18,sduchartk@intel.com
22,Mitch,Wasbey,1982-11-12,mwasbeyl@mediafire.com
23,Wilfred,Eliasen,1989-07-14,weliasenm@slashdot.org
24,Rafaellle,Haxley,2003-03-14,rhaxleyn@usatoday.com
25,Hattie,Hawe,1987-06-03,hhaweo@acquirethisname.com
26,Mommy,Skoggins,1999-01-11,mskogginsp@examiner.com
27,Jaynell,Thomsson,1987-03-31,jthomssonq@auda.org.au
28,Linnie,Dymond,1971-11-05,ldymondr@ameblo.jp
29,Ariel,O' Hern,1971-05-13,aoherns@examiner.com
30,Neale,Scotchmer,1986-02-01,nscotchmert@sciencedaily.com
31,Nona,Eingerfield,1971-05-13,neingerfieldu@adobe.com
32,Hanna,Kubis,1976-09-07,hkubisv@weather.com
33,Meyer,Carmel,1991-11-11,mcarmelw@techcrunch.com
34,Lanni,Servant,1993-06-12,lservantx@creativecommons.org
35,Constantina,Dunbabin,1977-10-15,cdunbabiny@newyorker.com
36,Tallou,Valentin,1999-04-02,tvalentinz@acquirethisname.com
37,Carlota,Varndell,2002-08-28,cvarndell10@chronoengine.com
38,Kelila,Lissandre,1970-10-29,klissandre11@histats.com
39,Britni,Sheasby,1987-06-18,bsheasby12@cbslocal.com
40,Madelon,Knivett,1982-03-15,mknivett13@networkadvertising.org
41,Annabela,Eyckelberg,1974-01-29,aeyckelberg14@dailymail.co.uk
42,Cherlyn,Grayling,1986-04-12,cgrayling15@boston.com
43,Winny,Chazerand,1973-04-30,wchazerand16@latimes.com
44,Barbabas,Thuillier,1992-11-20,bthuillier17@stumbleupon.com
45,Perice,Bree,1983-01-22,pbree18@pagesperso-orange.fr
46,Ellette,Vaissiere,1983-12-27,evaissiere19@intel.com
47,Fanya,Issakov,1973-03-08,fissakov1a@mlb.com
48,Georgina,Carstairs,1979-08-30,gcarstairs1b@typepad.com
49,Yanaton,Allain,1975-08-27,yallain1c@amazon.com
50,Dena,Savary,1978-07-14,dsavary1d@freewebs.com
51,Lion,Bewfield,1973-04-01,lbewfield1e@aol.com
52,Marley,Goodsal,1973-10-06,mgoodsal1f@hp.com
53,Townsend,Geillier,1987-04-04,tgeillier1g@blogs.com
54,Iris,Maulkin,1978-12-10,imaulkin1h@myspace.com
55,Christoper,Haggie,2000-04-20,chaggie1i@hhs.gov
56,Kayne,Rubie,2004-04-19,krubie1j@php.net
57,Jacki,Backman,1972-03-18,jbackman1k@clickbank.net
58,Gerrilee,Marmion,1979-06-05,gmarmion1l@usa.gov
59,Tracie,Kornalik,1980-11-24,tkornalik1m@squidoo.com
60,Al,Rivlin,1979-02-15,arivlin1n@sohu.com
61,Pail,Pochin,1980-10-12,ppochin1o@wix.com
62,Neddy,Mendel,2001-12-19,nmendel1p@reverbnation.com
63,Kaitlyn,Lademann,2000-08-23,klademann1q@apache.org
64,Bernarr,Durrans,1981-07-12,bdurrans1r@squidoo.com
65,Viv,Dimitrescu,1994-02-06,vdimitrescu1s@themeforest.net
66,Trista,Chene,2002-03-19,tchene1t@wikispaces.com
67,Justin,Pardue,1995-11-30,jpardue1u@hexun.com
68,Leonelle,Handrok,1987-05-30,lhandrok1v@techcrunch.com
69,Sydney,Cranham,1970-04-25,scranham1w@craigslist.org
70,Alexandros,Lewty,1980-03-30,alewty1x@ehow.com
71,Laurella,Birds,1985-04-13,lbirds1y@sogou.com
72,Pincus,Brenton,1982-10-14,pbrenton1z@china.com.cn
73,Antons,Sidaway,1999-07-15,asidaway20@blogtalkradio.com
74,Katie,Snelgrove,1970-07-10,ksnelgrove21@admin.ch
75,Efren,Gres,2000-08-28,egres22@spotify.com
76,Tiffie,Matteacci,1986-06-14,tmatteacci23@constantcontact.com
77,Atalanta,Kensitt,1975-06-11,akensitt24@salon.com
78,Orlando,Malpas,1991-04-25,omalpas25@issuu.com
79,Elroy,Showers,1999-12-03,eshowers26@diigo.com
80,Zorah,Leigh,1981-07-09,zleigh27@ifeng.com
81,Robin,Gouldbourn,1974-05-24,rgouldbourn28@dagondesign.com
82,Malanie,M'cowis,1979-05-09,mmcowis29@oakley.com
83,Curtice,Anthoine,1984-10-27,canthoine2a@usgs.gov
84,Guss,Bestman,1989-02-28,gbestman2b@ocn.ne.jp
85,Emlen,Samett,1999-01-11,esamett2c@artisteer.com
86,Melody,Gipp,1988-07-26,mgipp2d@issuu.com
87,Allayne,Chiommienti,1987-04-16,achiommienti2e@ehow.com
88,Perl,Cettell,2002-09-21,pcettell2f@shutterfly.com
89,Wallie,Myrtle,2003-06-30,wmyrtle2g@earthlink.net
90,Amandy,Mac,2001-06-17,amac2h@nps.gov
91,Blondell,Lyvon,1986-09-25,blyvon2i@hexun.com
92,Guglielmo,Peskin,1982-06-01,gpeskin2j@dailymail.co.uk
93,Darryl,Phettiplace,1973-11-29,dphettiplace2k@e-recht24.de
94,Germaine,Catterell,1982-07-22,gcatterell2l@flavors.me
95,Nappie,Aspinwall,1983-01-22,naspinwall2m@typepad.com
96,Elvera,Stiger,2004-04-14,estiger2n@bizjournals.com
97,Eugenio,Lydon,1988-12-05,elydon2o@noaa.gov
98,Sibyl,Hasnip,2001-12-14,shasnip2p@goodreads.com
99,Clementina,Ambroziak,1971-02-22,cambroziak2q@prweb.com
100,Fey,Achurch,1986-10-05,fachurch2r@amazon.de
101,Nikolas,Thomasset,1985-07-13,nthomasset2s@hhs.gov
102,Melli,Turnbull,1980-02-22,mturnbull2t@cdc.gov
103,Truman,Gudgion,1973-04-14,tgudgion2u@wordpress.com
104,Beck,Dellenbrook,1995-05-16,bdellenbrook2v@globo.com
105,Shamus,Boutwell,1970-03-13,sboutwell2w@bing.com
106,Garwin,Jellybrand,1996-10-27,gjellybrand2x@aboutads.info
107,Jackelyn,Shreeves,2000-08-03,jshreeves2y@stanford.edu
108,Binny,Emerson,1987-05-01,bemerson2z@sogou.com
109,Loria,Thwaites,2000-12-31,lthwaites30@cisco.com
110,Alfonso,Trevithick,1993-11-06,atrevithick31@ning.com
111,Giulia,Murricanes,1994-10-10,gmurricanes32@hhs.gov
112,Elissa,Jasik,1980-12-27,ejasik33@admin.ch
113,Manolo,Kivell,1982-11-01,mkivell34@netscape.com
114,Noland,Priter,1990-05-24,npriter35@unesco.org
115,Craig,Sesons,2004-02-28,csesons36@msn.com
116,Nolana,Yeandel,1980-10-05,nyeandel37@boston.com
117,Collen,Templman,1995-09-07,ctemplman38@bing.com
118,Alfredo,Worledge,1991-01-21,aworledge39@fastcompany.com
119,Geri,Rock,1982-04-11,grock3a@indiatimes.com
120,Nadine,Mithun,2003-03-09,nmithun3b@hc360.com
121,Teodoor,McCreary,1998-08-10,tmccreary3c@pcworld.com
122,Bettine,Robuchon,1998-04-01,brobuchon3d@seesaa.net
123,Wilhelmine,Forte,1999-06-10,wforte3e@devhub.com
124,Flynn,Brislawn,1993-08-13,fbrislawn3f@csmonitor.com
125,Novelia,Dives,1983-06-25,ndives3g@photobucket.com
126,Haywood,Trousdell,1995-10-24,htrousdell3h@stanford.edu
127,Nicolle,Bavage,1986-05-12,nbavage3i@plala.or.jp
128,Rosette,Piell,1972-04-04,rpiell3j@bloglines.com
129,Sarina,Lange,1988-08-10,slange3k@utexas.edu
130,Chet,Summerson,1976-07-27,csummerson3l@usgs.gov
131,Regan,Croshaw,1983-01-29,rcroshaw3m@spiegel.de
132,Jannel,Dunne,1986-09-12,jdunne3n@etsy.com
133,Astra,Frise,1973-09-08,afrise3o@pcworld.com
134,Ulrika,Lunt,2005-03-23,ulunt3p@odnoklassniki.ru
135,Dukey,Ference,1974-01-29,dference3q@sitemeter.com
136,Yolanthe,Hulle,1981-05-21,yhulle3r@europa.eu
137,Meyer,Murrock,1998-03-04,mmurrock3s@aboutads.info
138,Deerdre,Boot,1988-11-28,dboot3t@fda.gov
139,Gabe,Chipps,1991-09-23,gchipps3u@51.la
140,Germain,Akred,1998-09-08,gakred3v@meetup.com
141,Bliss,Pool,1982-02-17,bpool3w@aboutads.info
142,Valentine,Lammert,1987-08-27,vlammert3x@de.vu
143,Ferris,Petry,1997-11-15,fpetry3y@java.com
144,Adolph,Hanwell,1998-02-15,ahanwell3z@cdbaby.com
145,Denis,Gooderridge,1987-10-21,dgooderridge40@dedecms.com
146,Dominick,Bartusek,1978-08-31,dbartusek41@cbc.ca
147,Giffard,Van Eeden,2000-12-02,gvaneeden42@patch.com
148,Clem,Jelks,1980-07-29,cjelks43@webeden.co.uk
149,Ivy,Skipper,1988-09-20,iskipper44@sbwire.com
150,Filberto,Wanek,1974-10-31,fwanek45@devhub.com
151,Mellie,Sarvar,1998-01-27,msarvar46@miibeian.gov.cn
152,Quincy,Huggill,1981-01-25,qhuggill47@pinterest.com
153,Shawn,Fearnside,1995-04-12,sfearnside48@tripod.com
154,Timmi,Wason,2000-02-10,twason49@dailymotion.com
155,Frans,Huntingdon,1995-11-12,fhuntingdon4a@free.fr
156,Anna-diana,Obey,1974-07-06,aobey4b@nytimes.com
157,Dickie,Alleburton,1972-01-30,dalleburton4c@wix.com
158,Bealle,Brosini,1995-11-09,bbrosini4d@soup.io
159,Mannie,Connow,1986-07-29,mconnow4e@facebook.com
160,Irena,Cordeux,1976-08-29,icordeux4f@4shared.com
161,Florance,Gebby,1979-10-15,fgebby4g@uol.com.br
162,Darcey,Dearnley,1993-04-22,ddearnley4h@privacy.gov.au
163,Bonnee,Chasemore,1970-03-07,bchasemore4i@joomla.org
164,Tabbi,Realff,2004-03-27,trealff4j@gravatar.com
165,Alecia,Attewell,1974-06-23,aattewell4k@virginia.edu
166,Skippy,Shelper,1974-12-09,sshelper4l@quantcast.com
167,Rurik,Wickens,2003-11-30,rwickens4m@plala.or.jp
168,Lindsay,Vinall,1991-06-27,lvinall4n@etsy.com
169,Cecilla,Chatters,1980-03-16,cchatters4o@cocolog-nifty.com
170,Sibbie,Prudence,1982-04-05,sprudence4p@unblog.fr
171,Yvon,Sandes,1982-04-09,ysandes4q@blogger.com
172,Jessika,Fritzer,1976-01-02,jfritzer4r@w3.org
173,Mattie,Boorn,1989-07-31,mboorn4s@shareasale.com
174,Page,Yegorshin,1975-07-04,pyegorshin4t@prlog.org
175,Malory,Moulsdale,1978-01-26,mmoulsdale4u@ehow.com
176,Amelia,Petrovsky,1987-06-27,apetrovsky4v@com.com
177,Mauricio,Pencost,2001-06-21,mpencost4w@google.es
178,Gunar,Halliberton,1990-03-07,ghalliberton4x@ebay.co.uk
179,Arnold,Madgwich,1995-08-02,amadgwich4y@spiegel.de
180,Annalee,Vasilenko,1988-12-24,avasilenko4z@bing.com
181,Lainey,Videler,1972-07-20,lvideler50@intel.com
182,Michale,Pentelow,1981-08-01,mpentelow51@hostgator.com
183,Leticia,Schonfeld,1995-08-30,lschonfeld52@booking.com
184,Adan,Ruit,2004-06-27,aruit53@elegantthemes.com
185,Juana,Ivimy,1974-02-03,jivimy54@tamu.edu
186,Jamie,Maddocks,1977-04-30,jmaddocks55@mapy.cz
187,Dalila,Gatehouse,1990-07-26,dgatehouse56@sun.com
188,Orly,Gisbey,1970-02-09,ogisbey57@livejournal.com
189,Kary,Monshall,1987-07-30,kmonshall58@upenn.edu
190,Alvinia,Peyes,1986-12-08,apeyes59@oracle.com
191,Krista,Dosdale,1976-05-19,kdosdale5a@disqus.com
192,Marin,Holwell,1990-10-05,mholwell5b@dot.gov
193,Sasha,Dourin,1994-11-14,sdourin5c@tripadvisor.com
194,Conni,Buey,1994-04-06,cbuey5d@chronoengine.com
195,Gloriana,Pead,1985-01-21,gpead5e@house.gov
196,Rozelle,Boulger,2002-08-07,rboulger5f@cdbaby.com
197,Alasteir,Napoli,1970-10-11,anapoli5g@un.org
198,Bab,Scutt,1988-01-21,bscutt5h@sohu.com
199,Sydelle,Greber,1972-10-31,sgreber5i@zdnet.com
200,Sharai,Mosconi,2003-11-10,smosconi5j@yahoo.com
201,Pammy,Miell,1970-05-12,pmiell5k@cnbc.com
202,Zarla,Limer,1978-06-28,zlimer5l@mac.com
203,Mohammed,Hasely,1978-01-15,mhasely5m@pcworld.com
204,Simonette,Jackling,1987-10-13,sjackling5n@cloudflare.com
205,Annalise,Dunnet,2000-03-24,adunnet5o@hp.com
206,Bill,Grimbleby,1980-02-18,bgrimbleby5p@nsw.gov.au
207,Abbi,Perott,1992-08-07,aperott5q@usa.gov
208,Ophelie,Cranton,1987-02-21,ocranton5r@mtv.com
209,Pearce,Ricards,1976-01-02,pricards5s@gizmodo.com
210,Rurik,Orcott,2002-08-19,rorcott5t@nhs.uk
211,Meryl,Robertis,1985-03-31,mrobertis5u@storify.com
212,Kath,Sibille,1979-03-05,ksibille5v@hud.gov
213,Ruby,Blow,1982-07-16,rblow5w@merriam-webster.com
214,Griz,Thatcher,1974-04-26,gthatcher5x@howstuffworks.com
215,Talbot,Huggon,1996-10-02,thuggon5y@skyrock.com
216,Merwyn,Larking,1984-10-13,mlarking5z@merriam-webster.com
217,Raf,Payze,1980-07-22,rpayze60@slashdot.org
218,Brewster,Picardo,2000-08-28,bpicardo61@toplist.cz
219,Sigrid,Hardeman,1973-03-10,shardeman62@w3.org
220,Gail,Levesque,1996-03-28,glevesque63@scientificamerican.com
221,Martainn,Szymanzyk,1980-03-05,mszymanzyk64@miibeian.gov.cn
222,Rhea,Twist,2000-07-05,rtwist65@blogspot.com
223,Sam,Markovic,1973-01-28,smarkovic66@cam.ac.uk
224,Maddie,Cool,1999-12-13,mcool67@webmd.com
225,Letitia,Coolican,2003-09-29,lcoolican68@hibu.com
226,Dani,Brayson,1986-09-04,dbrayson69@ycombinator.com
227,Jesselyn,Klehn,1974-12-08,jklehn6a@people.com.cn
228,Reinaldos,Revey,1984-06-11,rrevey6b@tuttocitta.it
229,Madlen,McVee,1992-09-22,mmcvee6c@ucoz.com
230,Clementine,Reddoch,1980-05-08,creddoch6d@irs.gov
231,Britni,Jarad,2003-09-03,bjarad6e@google.com.au
232,Bronnie,Ruler,1983-07-15,bruler6f@ucsd.edu
233,Flinn,Dows,1982-07-31,fdows6g@google.pl
234,Emmott,Skitral,1998-04-08,eskitral6h@engadget.com
235,Jeanine,Surgener,2001-02-27,jsurgener6i@alibaba.com
236,Johnny,Vasyukov,1990-12-21,jvasyukov6j@alexa.com
237,Dorry,Gare,1981-01-11,dgare6k@google.fr
238,Randy,Alessandone,1990-07-23,ralessandone6l@miitbeian.gov.cn
239,Christye,Guion,1990-01-03,cguion6m@boston.com
240,Christie,Snelgar,1974-11-27,csnelgar6n@amazon.com
241,Arthur,Ruppel,2002-08-13,aruppel6o@ow.ly
242,Oriana,Czyz,2002-12-02,oczyz6p@google.co.uk
243,Mischa,Habens,2001-06-13,mhabens6q@go.com
244,Lucila,Kasparski,1979-09-29,lkasparski6r@nasa.gov
245,Rutter,Tearny,1977-11-10,rtearny6s@flavors.me
246,Berti,Skilton,1972-07-25,bskilton6t@mit.edu
247,Whitaker,Casaro,1976-07-25,wcasaro6u@yandex.ru
248,Samuele,Shoubridge,2002-10-02,sshoubridge6v@reference.com
249,Blayne,Domeney,1973-04-05,bdomeney6w@w3.org
250,Keely,Elverston,1994-12-15,kelverston6x@cornell.edu
251,Verla,Bemrose,1986-07-25,vbemrose6y@springer.com
252,Irena,Hentze,1979-07-09,ihentze6z@prnewswire.com
253,Stevana,Player,2000-12-06,splayer70@spiegel.de
254,Thibaut,Lening,1997-05-25,tlening71@harvard.edu
255,Isaak,Ewenson,1995-09-28,iewenson72@fc2.com
256,Erskine,Bazeley,1997-06-11,ebazeley73@dailymotion.com
257,Milka,Jeannon,1987-12-09,mjeannon74@sitemeter.com
258,Terry,Aslet,1982-12-05,taslet75@businessinsider.com
259,Horatia,Scrase,1987-01-07,hscrase76@va.gov
260,Briggs,Tarquinio,1990-07-16,btarquinio77@squidoo.com
261,Dina,Lymer,1983-04-20,dlymer78@blogspot.com
262,Ferdie,Wartonby,1973-12-23,fwartonby79@ft.com
263,Harwilll,Roggerone,1996-12-01,hroggerone7a@china.com.cn
264,Ruthanne,Hintze,1983-01-18,rhintze7b@sourceforge.net
265,Inger,Bambrick,1995-02-22,ibambrick7c@usatoday.com
266,Leilah,Weetch,1996-07-07,lweetch7d@topsy.com
267,Sofie,McFaell,1999-09-12,smcfaell7e@blogs.com
268,Ainslie,Deeprose,1980-01-02,adeeprose7f@uol.com.br
269,Hatti,Kornas,1974-02-20,hkornas7g@fda.gov
270,Germana,Vakhrushin,1981-12-07,gvakhrushin7h@technorati.com
271,Karney,Cyson,1991-04-12,kcyson7i@dmoz.org
272,Ealasaid,Heakey,1987-11-21,eheakey7j@nyu.edu
273,Raoul,Cleary,2004-05-04,rcleary7k@dedecms.com
274,Guinevere,Sansbury,1987-08-11,gsansbury7l@washingtonpost.com
275,Berkeley,Lyford,1982-10-11,blyford7m@tinyurl.com
276,Marthe,Heasly,1989-05-19,mheasly7n@sakura.ne.jp
277,Berri,McVee,2003-10-13,bmcvee7o@unicef.org
278,Scarlet,MacCahee,1977-06-28,smaccahee7p@pbs.org
279,Gwyneth,Axtonne,1988-12-19,gaxtonne7q@ezinearticles.com
280,Rees,Planque,1986-05-10,rplanque7r@bizjournals.com
281,Antoine,Isabell,1976-07-27,aisabell7s@elegantthemes.com
282,Raynell,Roderham,1987-01-06,rroderham7t@php.net
283,Jeffrey,Blazewski,1970-02-27,jblazewski7u@cbsnews.com
284,Rhiamon,Mountney,1972-12-13,rmountney7v@apple.com
285,Hewitt,Jurczyk,1991-06-03,hjurczyk7w@ihg.com
286,Noam,Learoid,1986-09-12,nlearoid7x@nifty.com
287,Ambur,Condict,1997-12-16,acondict7y@cornell.edu
288,Rheta,Van der Brugge,2000-11-05,rvanderbrugge7z@sciencedirect.com
289,Georgette,Tabourel,1996-09-01,gtabourel80@marriott.com
290,Kenneth,Rivelon,1991-09-02,krivelon81@chronoengine.com
291,Carline,Adriano,1995-10-30,cadriano82@friendfeed.com
292,Walker,Woolger,1974-12-12,wwoolger83@harvard.edu
293,Wat,Whistan,1987-01-12,wwhistan84@pinterest.com
294,Harley,Crittal,1994-10-27,hcrittal85@people.com.cn
295,Adorne,Philbrick,1996-03-02,aphilbrick86@webnode.com
296,Shelley,Ansett,1983-09-12,sansett87@pen.io
297,Xylina,Maffulli,1979-05-25,xmaffulli88@technorati.com
298,Sloan,MacDiarmid,1981-09-10,smacdiarmid89@reddit.com
299,Ronalda,Dinis,1978-03-09,rdinis8a@home.pl
300,Thelma,Vasishchev,1977-04-17,tvasishchev8b@surveymon.com
301,Pincas,Rist,1970-03-11,prist8c@washington.edu
302,Gabrielle,Cushe,1997-01-14,gcushe8d@symantec.com
303,Theresita,Sandbach,1977-12-25,tsandbach8e@utexas.edu
304,Florence,Fernandez,1992-07-24,ffernandez8f@buzzfeed.com
305,Ilyse,Hadigate,1994-07-23,ihadigate8g@blinklist.com
306,Hermy,Shuttle,2003-07-05,hshuttle8h@barnesandnoble.com
307,Jacquelin,Mallett,1998-09-05,jmallett8i@techcrunch.com
308,Myron,Maudling,1979-08-12,mmaudling8j@prlog.org
309,Hedy,Hurlestone,1986-08-10,hhurlestone8k@hhs.gov
310,Stace,Peperell,1991-02-21,speperell8l@jimdo.com
311,Aldo,Coen,2000-05-17,acoen8m@bizjournals.com
312,Rich,Sprigg,1987-05-27,rsprigg8n@samsung.com
313,Germayne,Lyptratt,1976-06-11,glyptratt8o@ehow.com
314,Otho,Bebis,1971-07-28,obebis8p@dyndns.org
315,Bonni,Bricknell,1984-02-23,bbricknell8q@abc.net.au
316,Auria,Leggat,1990-01-09,aleggat8r@sfgate.com
317,Kipp,Jenking,1988-12-09,kjenking8s@wikia.com
318,Tore,Addy,1970-04-16,taddy8t@google.co.jp
319,Ros,Provis,1972-11-06,rprovis8u@umn.edu
320,Johna,August,1984-03-25,jaugust8v@intel.com
321,Pierre,Glazer,1993-01-13,pglazer8w@nifty.com
322,Sapphire,Duerden,1989-05-01,sduerden8x@blinklist.com
323,Upton,Golda,1974-08-22,ugolda8y@linkedin.com
324,Ernest,Gumby,1997-10-14,egumby8z@nhs.uk
325,Theodor,Matthai,1993-08-24,tmatthai90@newsvine.com
326,Lilyan,Rapley,1983-05-14,lrapley91@discuz.net
327,Ethelbert,O'Fearguise,1972-09-09,eofearguise92@trellian.com
328,Michele,Diess,1999-12-08,mdiess93@php.net
329,Gayle,Willers,1994-05-12,gwillers94@joomla.org
330,Olvan,Lipman,1972-10-05,olipman95@jalbum.net
331,Aubry,Risdall,1972-02-02,arisdall96@ycombinator.com
332,Leah,Longstreeth,1985-10-22,llongstreeth97@nationalgeographic.com
333,Kania,Tomini,1999-06-15,ktomini98@g.co
334,Levon,Sheldon,1973-10-11,lsheldon99@jimdo.com
335,Jessie,Waters,1976-05-13,jwaters9a@craigslist.org
336,Birgit,Arnaldi,1974-07-27,barnaldi9b@digg.com
337,Jory,Snadden,1987-04-29,jsnadden9c@google.com.br
338,Amalita,Spink,1989-04-08,aspink9d@indiatimes.com
339,Kipp,Jensen,1975-10-22,kjensen9e@time.com
340,Augustine,Wardlow,1972-06-23,awardlow9f@bandcamp.com
341,Ernesta,Sandaver,1970-03-20,esandaver9g@moonfruit.com
342,Carlo,Dorney,1983-12-30,cdorney9h@meetup.com
343,Kylynn,Wehden,1983-01-24,kwehden9i@networksolutions.com
344,Odell,Goulbourn,1974-12-18,ogoulbourn9j@linkedin.com
345,Eben,Cottam,1994-12-05,ecottam9k@tamu.edu
346,Kira,Climance,1993-02-13,kclimance9l@pen.io
347,Lucien,Roullier,1985-10-24,lroullier9m@zdnet.com
348,Hercule,Kemell,1999-08-18,hkemell9n@artisteer.com
349,Ellery,Adicot,1994-05-02,eadicot9o@linkedin.com
350,Ladonna,Brophy,1979-07-13,lbrophy9p@moonfruit.com
351,Audrey,Enstone,1978-09-20,aenstone9q@mayoclinic.com
352,Aubrette,Peachey,2003-12-11,apeachey9r@ibm.com
353,Basile,Basilotta,1997-01-18,bbasilotta9s@businessweek.com
354,Hallsy,Sneaker,1989-01-02,hsneaker9t@newyorker.com
355,Zonnya,McCreery,1985-03-15,zmccreery9u@blogspot.com
356,Florenza,Sands-Allan,1994-01-29,fsandsallan9v@google.it
357,Amabelle,Crampsy,1981-07-10,acrampsy9w@discuz.net
358,Eba,Moorman,1983-05-29,emoorman9x@japanpost.jp
359,Jaquenetta,Nassie,1995-05-24,jnassie9y@usda.gov
360,Cornall,Bogey,1985-03-24,cbogey9z@reference.com
361,Elsa,Towle,1979-10-08,etowlea0@netscape.com
362,Carena,McFall,1972-04-06,cmcfalla1@va.gov
363,Chryste,Petrovykh,1984-09-17,cpetrovykha2@parallels.com
364,Quincy,Pagelsen,1977-07-09,qpagelsena3@trellian.com
365,Angel,Pimlock,1970-01-22,apimlocka4@tripadvisor.com
366,Levon,Micklewicz,1979-03-30,lmicklewicza5@myspace.com
367,Garry,Hoodlass,1992-03-07,ghoodlassa6@kickstarter.com
368,Niki,Clissell,1976-04-08,nclissella7@cocolog-nifty.com
369,Rosmunda,Tocher,1970-09-30,rtochera8@twitpic.com
370,Sayers,Robion,1993-09-23,srobiona9@msn.com
371,Saul,Hagley,1987-09-30,shagleyaa@360.cn
372,Karl,Salterne,1991-11-01,ksalterneab@wisc.edu
373,Odele,Reece,1982-05-18,oreeceac@wikipedia.org
374,Reuven,Lampbrecht,1978-01-26,rlampbrechtad@studiopress.com
375,Neill,Bouzan,1982-07-09,nbouzanae@feedburner.com
376,Silvie,Whitloe,2003-06-18,swhitloeaf@google.nl
377,Duff,Burnie,1977-09-10,dburnieag@hao123.com
378,Giulio,Dewis,1996-08-14,gdewisah@deliciousdays.com
379,Candida,Bellany,1980-10-11,cbellanyai@g.co
380,Aron,Gobeau,1982-04-04,agobeauaj@ucla.edu
381,Heath,Gettings,1994-11-22,hgettingsak@google.de
382,Dolli,Quiddington,1976-11-05,dquiddingtonal@wp.com
383,Rona,Probate,1991-08-08,rprobateam@smugmug.com
384,Adrian,Lyst,1985-03-14,alystan@go.com
385,Mildrid,Tison,1975-07-23,mtisonao@china.com.cn
386,Cecilius,Shipsey,1985-11-07,cshipseyap@google.com.au
387,Gilda,Lawlie,2003-11-24,glawlieaq@aol.com
388,Derk,Tomasicchio,2001-08-07,dtomasicchioar@dailymotion.com
389,Aubine,Guyet,1998-05-15,aguyetas@51.la
390,Eldredge,Ulyat,1993-02-02,eulyatat@behance.net
391,Dyana,Surby,1983-01-03,dsurbyau@webnode.com
392,Ludvig,Jessen,1984-09-10,ljessenav@sun.com
393,Lucita,Gotts,1989-06-26,lgottsaw@skyrock.com
394,Glenn,Hambric,1990-03-30,ghambricax@yale.edu
395,Clemmy,Koubek,1988-03-08,ckoubekay@ebay.co.uk
396,Cindee,Antrum,1989-10-20,cantrumaz@pbs.org
397,Issie,MacGiffin,1986-07-31,imacgiffinb0@vistaprint.com
398,Shayne,Kevis,1992-06-29,skevisb1@oaic.gov.au
399,Dora,Oxborough,1991-09-23,doxboroughb2@apple.com
400,Jerome,Crossman,1978-09-09,jcrossmanb3@usda.gov
