401,John,Doe,2000-05-15,john.doe@example.com
402,Jane,Smith,1998-09-22,jane.smith@example.com
403,Mike,Johnson,2001-12-10,mike.johnson@example.com
404,Emily,Williams,1997-07-03,emily.williams@example.com
405,David,Brown,1999-11-27,david.brown@example.com
406,Laura,Miller,2002-03-14,laura.miller@example.com
407,James,Anderson,2000-08-19,james.anderson@example.com
408,Sarah,Thomas,1996-06-25,sarah.thomas@example.com
409,Daniel,White,1995-10-30,daniel.white@example.com
410,Ashley,Martin,2003-04-12,ashley.martin@example.com
411,Matthew,Garcia,1997-12-05,matthew.garcia@example.com
412,Olivia,Martinez,2001-09-18,olivia.martinez@example.com
413,Ethan,Robinson,1998-07-20,ethan.robinson@example.com
414,Isabella,Clark,1999-05-07,isabella.clark@example.com
415,Benjamin,Rodriguez,2000-11-23,benjamin.rodriguez@example.com
